{
  "Retorna lista de usu치rios por p치gina" : {
    "transaction" : "Retorna lista de usu치rios por p치gina",
    "sampleCount" : 58001,
    "errorCount" : 889,
    "errorPct" : 1.5327322,
    "meanResTime" : 3100.391838071776,
    "medianResTime" : 230.0,
    "minResTime" : 111.0,
    "maxResTime" : 63179.0,
    "pct1ResTime" : 15249.900000000001,
    "pct2ResTime" : 36245.0,
    "pct3ResTime" : 63127.0,
    "throughput" : 87.24460709767767,
    "receivedKBytesPerSec" : 166.07780069397754,
    "sentKBytesPerSec" : 13.003558634886112
  },
  "Total" : {
    "transaction" : "Total",
    "sampleCount" : 58001,
    "errorCount" : 889,
    "errorPct" : 1.5327322,
    "meanResTime" : 3100.391838071776,
    "medianResTime" : 230.0,
    "minResTime" : 111.0,
    "maxResTime" : 63179.0,
    "pct1ResTime" : 15249.900000000001,
    "pct2ResTime" : 36245.0,
    "pct3ResTime" : 63127.0,
    "throughput" : 87.24460709767767,
    "receivedKBytesPerSec" : 166.07780069397754,
    "sentKBytesPerSec" : 13.003558634886112
  }
}