{
  "Retorna lista de usu치rios por p치gina" : {
    "transaction" : "Retorna lista de usu치rios por p치gina",
    "sampleCount" : 100,
    "errorCount" : 0,
    "errorPct" : 0.0,
    "meanResTime" : 165.86000000000004,
    "medianResTime" : 158.0,
    "minResTime" : 153.0,
    "maxResTime" : 290.0,
    "pct1ResTime" : 179.8,
    "pct2ResTime" : 230.39999999999986,
    "pct3ResTime" : 289.7499999999999,
    "throughput" : 9.946290033817386,
    "receivedKBytesPerSec" : 18.853270464491743,
    "sentKBytesPerSec" : 1.5055419484782175
  },
  "Total" : {
    "transaction" : "Total",
    "sampleCount" : 100,
    "errorCount" : 0,
    "errorPct" : 0.0,
    "meanResTime" : 165.86000000000004,
    "medianResTime" : 158.0,
    "minResTime" : 153.0,
    "maxResTime" : 290.0,
    "pct1ResTime" : 179.8,
    "pct2ResTime" : 230.39999999999986,
    "pct3ResTime" : 289.7499999999999,
    "throughput" : 9.946290033817386,
    "receivedKBytesPerSec" : 18.853270464491743,
    "sentKBytesPerSec" : 1.5055419484782175
  }
}